Index,Date,Location,PM10 (µg/m³),CO (ppm),NO2 (ppb),SO2 (ppb),O3 (ppb),Temperature (°C),Humidity (%),Weather_Condition,PM2.5
1,01-01-2023,Mumbai,20,0.2,10,5,35,22.5,50,Clear,15
2,01-01-2023,Pune,22,0.3,12,6,38,22.7,51,Rainy,18
3,01-01-2023,Nagpur,25,0.4,15,7,40,22.8,52,Clear,22
4,01-01-2023,Thane,28,0.5,18,8,42,23,53,Foggy,25
5,02-01-2023,Mumbai,21,0.2,11,6,36,23,52,Clear,16
6,02-01-2023,Pune,23,0.3,13,7,38,23.2,53,Clear,19
7,02-01-2023,Nagpur,26,0.4,16,8,41,23.3,54,Rainy,23
8,02-01-2023,Thane,29,0.5,19,9,43,23.5,55,Foggy,26
9,03-01-2023,Mumbai,19,0.2,10,5,34,22.3,49,Clear,14
10,03-01-2023,Mumbai,18,0.2,10,5,33,22,48,Clear,13
11,03-01-2023,Pune,20,0.3,11,6,35,22.2,49,Rainy,16
12,03-01-2023,Nagpur,23,0.4,14,7,38,22.4,50,Clear,20
13,03-01-2023,Thane,26,0.5,17,8,40,22.6,51,Foggy,24
14,04-01-2023,Mumbai,22,0.2,12,6,37,22.8,52,Clear,17
15,04-01-2023,Pune,24,0.3,13,7,39,23,53,Clear,21
16,04-01-2023,Nagpur,27,0.4,16,8,42,23.2,54,Rainy,25
17,04-01-2023,Thane,30,0.5,19,9,44,23.4,55,Foggy,28
18,05-01-2023,Mumbai,19,0.2,10,5,34,22.3,49,Clear,14
19,05-01-2023,Pune,21,0.3,11,6,36,22.5,50,Rainy,17
20,05-01-2023,Nagpur,24,0.4,14,7,39,22.7,51,Clear,21
21,05-01-2023,Thane,27,0.5,17,8,41,22.9,52,Foggy,24
22,06-01-2023,Mumbai,20,0.2,12,6,35,23.1,53,Clear,15
23,06-01-2023,Pune,22,0.3,13,7,37,23.3,54,Clear,18
24,06-01-2023,Nagpur,25,0.4,16,8,40,23.5,55,Rainy,22
25,06-01-2023,Thane,28,0.5,19,9,42,23.7,56,Foggy,25
26,07-01-2023,Mumbai,21,0.2,11,6,36,23.9,57,Clear,16
27,07-01-2023,Pune,23,0.3,13,7,38,24.1,58,Clear,19
28,07-01-2023,Nagpur,26,0.4,16,8,41,24.3,59,Rainy,23
29,07-01-2023,Thane,29,0.5,18,9,43,24.5,60,Foggy,26
30,08-01-2023,Mumbai,22,0.2,12,6,37,24.7,61,Clear,17
31,08-01-2023,Pune,24,0.3,14,7,39,24.9,62,Clear,20
32,08-01-2023,Nagpur,27,0.4,17,8,42,25.1,63,Rainy,24
33,08-01-2023,Thane,30,0.5,19,9,44,25.3,64,Foggy,28
34,09-01-2023,Mumbai,23,0.2,13,6,38,25.5,65,Clear,18
35,09-01-2023,Pune,25,0.3,15,7,40,25.7,66,Clear,22
36,09-01-2023,Nagpur,28,0.4,18,8,43,25.9,67,Rainy,26
37,09-01-2023,Thane,31,0.5,20,9,45,26.1,68,Foggy,29
38,10-01-2023,Mumbai,24,0.2,14,7,39,26.3,69,Clear,20
39,10-01-2023,Pune,26,0.3,16,8,41,26.5,70,Clear,24
40,10-01-2023,Nagpur,29,0.4,19,9,44,26.7,71,Rainy,28
41,10-01-2023,Thane,32,0.5,21,10,46,26.9,72,Foggy,31
42,11-01-2023,Mumbai,25,0.2,15,7,40,27.1,73,Clear,22
43,11-01-2023,Pune,27,0.3,17,8,42,27.3,74,Clear,31.5
44,11-01-2023,Nagpur,30,0.4,20,9,45,27.5,75,Rainy,35.8
45,11-01-2023,Thane,33,0.5,22,10,48,27.7,76,Foggy,40.1
46,12-01-2023,Mumbai,26,0.2,18,8,44,27.9,77,Clear,30.4
47,12-01-2023,Pune,28,0.3,20,9,46,28.1,78,Clear,33.1
48,12-01-2023,Nagpur,31,0.4,23,10,49,28.3,79,Rainy,36.5
49,12-01-2023,Thane,34,0.5,25,11,52,28.5,80,Foggy,40
50,13-01-2023,Mumbai,28,0.2,20,9,47,28.7,81,Clear,34.8
51,13-01-2023,Pune,29,0.3,21,10,48,28.9,82,Rainy,37.2
52,13-01-2023,Nagpur,32,0.4,24,11,51,29.1,83,Foggy,41.7
53,13-01-2023,Thane,35,0.5,26,12,54,29.3,84,Clear,46.3
54,14-01-2023,Mumbai,30,0.2,22,10,49,29.5,85,Rainy,38.9
55,14-01-2023,Pune,31,0.3,23,11,52,29.7,86,Foggy,40.6
56,14-01-2023,Nagpur,33,0.4,25,12,55,29.9,87,Clear,43.2
57,14-01-2023,Thane,36,0.5,27,13,58,30.1,88,Rainy,46
58,15-01-2023,Mumbai,32,0.2,24,11,53,30.3,89,Foggy,40.8
59,15-01-2023,Pune,34,0.3,26,12,56,30.5,90,Clear,44.6
60,15-01-2023,Nagpur,37,0.4,28,13,59,30.7,91,Rainy,48.5
61,16-01-2023,Mumbai,35,0.2,29,14,60,30.9,92,Clear,52
62,16-01-2023,Pune,37,0.3,31,15,63,31.1,93,Rainy,55.2
63,16-01-2023,Nagpur,40,0.4,33,16,66,31.3,94,Foggy,58.5
64,17-01-2023,Thane,45,0.5,36,17,69,31.5,95,Clear,63
65,17-01-2023,Mumbai,39,0.2,32,15,64,31.7,96,Rainy,57.3
66,17-01-2023,Pune,41,0.3,34,16,67,31.9,97,Foggy,60.7
67,17-01-2023,Nagpur,44,0.4,37,17,70,32.1,98,Clear,65.3
68,18-01-2023,Thane,48,0.5,40,18,73,32.3,99,Rainy,69.9
69,18-01-2023,Mumbai,42,0.2,35,16,68,32.5,100,Foggy,63.8
70,18-01-2023,Pune,44,0.3,37,17,71,32.7,101,Clear,68.5
71,19-01-2023,Nagpur,47,0.4,41,18,74,32.9,102,Rainy,73.2
72,19-01-2023,Thane,51,0.5,44,19,77,33.1,103,Foggy,78.9
73,20-01-2023,Mumbai,46,0.2,39,17,72,33.3,104,Clear,72.1
74,20-01-2023,Pune,48,0.3,42,18,75,33.5,105,Rainy,77.8
75,20-01-2023,Nagpur,52,0.4,45,19,78,33.7,106,Foggy,83.6
76,20-01-2023,Thane,55,0.5,48,20,81,33.9,107,Clear,89.5
77,21-01-2023,Mumbai,50,0.2,43,18,76,34.1,108,Rainy,84.8
78,21-01-2023,Pune,53,0.3,46,19,79,34.3,109,Foggy,90.7
79,21-01-2023,Nagpur,57,0.4,49,20,82,34.5,110,Clear,96.7
80,21-01-2023,Thane,60,0.5,52,21,85,34.7,111,Rainy,102.8
81,22-01-2023,Mumbai,55,0.2,47,20,88,34.9,112,Foggy,108.2
82,22-01-2023,Pune,58,0.3,50,21,91,35.1,113,Clear,114.6
83,22-01-2023,Nagpur,62,0.4,53,22,94,35.3,114,Rainy,121.1
84,22-01-2023,Thane,65,0.5,56,23,97,35.5,115,Foggy,127.7
85,23-01-2023,Mumbai,60,0.2,51,21,92,35.7,116,Clear,121
86,23-01-2023,Pune,63,0.3,54,22,95,35.9,117,Rainy,128.6
87,23-01-2023,Nagpur,67,0.4,57,23,98,36.1,118,Foggy,135.3
88,23-01-2023,Thane,70,0.5,60,24,101,36.3,119,Clear,142.1
89,24-01-2023,Mumbai,65,0.2,55,22,96,36.5,120,Rainy,138.5
90,24-01-2023,Pune,68,0.3,58,23,99,36.7,121,Foggy,145.3
91,24-01-2023,Nagpur,72,0.4,61,24,102,36.9,122,Clear,151.7
92,25-01-2023,Thane,75,0.5,64,25,105,37.1,123,Rainy,158.6
93,25-01-2023,Mumbai,70,0.2,59,23,100,37.3,124,Foggy,145.2
94,25-01-2023,Pune,73,0.3,62,24,103,37.5,125,Clear,152.3
95,25-01-2023,Nagpur,77,0.4,65,25,106,37.7,126,Rainy,159.6
96,26-01-2023,Thane,80,0.5,68,26,109,37.9,127,Foggy,166
97,26-01-2023,Mumbai,75,0.2,63,24,104,38.1,128,Clear,153.8
98,26-01-2023,Pune,78,0.3,66,25,107,38.3,129,Rainy,161.4
99,26-01-2023,Nagpur,82,0.4,69,26,110,38.5,130,Foggy,169.2
100,27-01-2023,Thane,85,0.5,72,27,113,38.7,131,Clear,177.1
101,28-01-2023,Mumbai,80,0.2,68,26,107,39,132,Clear,169.5
102,28-01-2023,Pune,82,0.3,70,27,110,39.2,133,Rainy,177.6
103,28-01-2023,Nagpur,85,0.4,73,28,113,39.4,134,Foggy,186
104,29-01-2023,Thane,90,0.5,77,29,118,39.6,135,Clear,194.7
105,29-01-2023,Mumbai,88,0.2,75,28,116,39.8,136,Rainy,204.1
106,29-01-2023,Pune,92,0.3,79,30,120,40,137,Foggy,214.4
107,29-01-2023,Nagpur,96,0.4,83,32,124,40.2,138,Clear,225.7
108,30-01-2023,Thane,100,0.5,87,34,128,40.4,139,Rainy,238
109,30-01-2023,Mumbai,95,0.2,82,31,123,40.6,140,Foggy,251.4
110,30-01-2023,Pune,98,0.3,85,33,126,40.8,141,Clear,265.9
111,30-01-2023,Nagpur,102,0.4,89,35,130,41,142,Rainy,281.7
112,31-01-2023,Thane,106,0.5,93,37,134,41.2,143,Foggy,298.9
113,31-01-2023,Mumbai,101,0.2,88,34,129,41.4,144,Clear,317.7
114,31-01-2023,Pune,105,0.3,92,36,133,41.6,145,Rainy,338.3
115,31-01-2023,Nagpur,109,0.4,96,38,137,41.8,146,Foggy,360.9
116,01-02-2023,Thane,112,0.5,100,40,141,42,147,Clear,385.6
117,01-02-2023,Mumbai,115,0.2,104,42,145,42.2,148,Rainy,412.8
118,01-02-2023,Pune,119,0.3,108,44,149,42.4,149,Foggy,442.8
119,01-02-2023,Nagpur,123,0.4,112,46,153,42.6,150,Clear,476.1
120,02-02-2023,Thane,128,0.5,116,48,157,42.8,151,Rainy,513
121,03-02-2023,Mumbai,130,0.2,124,50,161,43,152,Clear,553.5
122,03-02-2023,Pune,136,0.3,132,54,167,43.2,153,Rainy,598.1
123,03-02-2023,Nagpur,143,0.4,141,58,173,43.4,154,Foggy,647.9
124,03-02-2023,Thane,150,0.5,150,62,179,43.6,155,Clear,703.4
125,04-02-2023,Mumbai,158,0.2,160,67,187,43.8,156,Rainy,765.3
126,04-02-2023,Pune,167,0.3,170,72,196,44,157,Foggy,834.4
127,04-02-2023,Nagpur,176,0.4,180,77,205,44.2,158,Clear,911.6
128,04-02-2023,Thane,186,0.5,191,82,216,44.4,159,Rainy,998
129,05-02-2023,Mumbai,197,0.2,202,88,227,44.6,160,Foggy,1094.7
130,05-02-2023,Pune,208,0.3,214,93,240,44.8,161,Clear,1202.8
131,05-02-2023,Nagpur,220,0.4,227,99,254,45,162,Rainy,1323.3
132,05-02-2023,Thane,233,0.5,240,105,269,45.2,163,Foggy,1456.8
133,06-02-2023,Mumbai,247,0.2,255,112,286,45.4,164,Clear,1603.7
134,06-02-2023,Pune,262,0.3,270,118,303,45.6,165,Rainy,1764.5
135,06-02-2023,Nagpur,278,0.4,286,125,321,45.8,166,Foggy,1939.9
136,06-02-2023,Thane,295,0.5,303,132,341,46,167,Clear,2129.7
137,07-02-2023,Mumbai,313,0.2,322,140,363,46.2,168,Rainy,2335.6
138,07-02-2023,Pune,332,0.3,342,147,386,46.4,169,Foggy,2558.3
139,07-02-2023,Nagpur,352,0.4,363,155,412,46.6,170,Clear,2798.5
140,08-02-2023,Mumbai,394,0.2,406,174,468,46.8,171,Rainy,3057.9
141,08-02-2023,Pune,416,0.3,429,184,499,47,172,Foggy,3347.7
142,08-02-2023,Nagpur,439,0.4,453,195,531,47.2,173,Clear,3659.5
143,08-02-2023,Thane,463,0.5,479,206,565,47.4,174,Rainy,3997
144,09-02-2023,Mumbai,488,0.2,506,218,601,47.6,175,Foggy,4364.4
145,09-02-2023,Pune,514,0.3,535,231,639,47.8,176,Clear,4756
146,09-02-2023,Nagpur,541,0.4,566,244,678,48,177,Rainy,5176.1
147,09-02-2023,Thane,569,0.5,598,258,720,48.2,178,Foggy,5628.9
148,10-02-2023,Mumbai,598,0.2,631,273,764,48.4,179,Clear,6119.7
149,10-02-2023,Pune,628,0.3,666,288,810,48.6,180,Rainy,6646
150,10-02-2023,Nagpur,659,0.4,703,304,859,48.8,181,Foggy,7215.8
151,10-02-2023,Thane,691,0.5,741,321,911,49,182,Clear,7830.7
152,11-02-2023,Mumbai,724,0.2,781,339,965,49.2,183,Rainy,8494.4
153,11-02-2023,Pune,758,0.3,822,358,1023,49.4,184,Foggy,9210.4
154,11-02-2023,Nagpur,793,0.4,865,378,1084,49.6,185,Clear,9982
155,11-02-2023,Thane,829,0.5,909,399,1149,49.8,186,Rainy,10812.7
156,12-02-2023,Mumbai,866,0.2,954,421,1218,50,187,Foggy,11705.6
157,12-02-2023,Pune,904,0.3,1001,444,1289,50.2,188,Clear,12663.3
158,12-02-2023,Nagpur,943,0.4,1050,468,1365,50.4,189,Rainy,13688.4
159,12-02-2023,Thane,983,0.5,1101,493,1445,50.6,190,Foggy,14783.6
160,13-02-2023,Mumbai,1024,0.2,1154,519,1530,50.8,191,Clear,15951.6
161,14-02-2023,Pune,1068,0.3,1209,546,1618,51,192,Rainy,17102.8
162,14-02-2023,Nagpur,1113,0.4,1266,575,1709,51.2,193,Foggy,18361
163,14-02-2023,Thane,1159,0.5,1326,606,1802,51.4,194,Clear,19724.1
164,15-02-2023,Mumbai,1206,0.2,1389,638,1897,51.6,195,Rainy,21291.9
165,15-02-2023,Pune,1254,0.3,1455,671,1995,51.8,196,Foggy,23064.9
166,15-02-2023,Nagpur,1303,0.4,1524,706,2096,52,197,Clear,25043.1
167,15-02-2023,Thane,1353,0.5,1596,742,2200,52.2,198,Rainy,27226.9
168,16-02-2023,Mumbai,1404,0.2,1672,780,2308,52.4,199,Foggy,29616.7
169,16-02-2023,Pune,1456,0.3,1751,819,2419,52.6,200,Clear,32212.8
170,16-02-2023,Nagpur,1509,0.4,1834,860,2535,52.8,201,Rainy,35015.5
171,16-02-2023,Thane,1563,0.5,1920,902,2655,53,202,Foggy,38024.9
172,17-02-2023,Mumbai,1618,0.2,2010,946,2780,53.2,203,Clear,41240.7
173,17-02-2023,Pune,1674,0.3,2103,992,2910,53.4,204,Rainy,44662.8
174,17-02-2023,Nagpur,1731,0.4,2199,1040,3045,53.6,205,Foggy,48391.1
175,17-02-2023,Thane,1789,0.5,2299,1089,3187,53.8,206,Clear,52425.5
176,18-02-2023,Mumbai,1848,0.2,2402,1141,3336,54,207,Rainy,56765
177,18-02-2023,Pune,1908,0.3,2508,1195,3493,54.2,208,Foggy,61409.6
178,18-02-2023,Nagpur,1969,0.4,2617,1251,3658,54.4,209,Clear,66359.3
179,18-02-2023,Thane,2031,0.5,2730,1310,3832,54.6,210,Rainy,71614.1
180,19-02-2023,Mumbai,2094,0.2,2847,1371,4015,54.8,211,Foggy,77174
181,19-02-2023,Pune,2158,0.3,2968,1435,4209,55,212,Clear,83038.9
182,19-02-2023,Nagpur,2223,0.4,3093,1501,4414,55.2,213,Rainy,89208.9
183,14-02-2023,Mumbai,1069,0.2,1201,548,1638,51,192,Rainy,17188.5
184,14-02-2023,Pune,1114,0.3,1258,576,1721,51.2,193,Foggy,18814.6
185,14-02-2023,Nagpur,1160,0.4,1318,605,1806,51.4,194,Clear,20587
186,14-02-2023,Thane,1207,0.5,1380,635,1893,51.6,195,Rainy,22509.3
187,15-02-2023,Mumbai,1256,0.2,1446,666,1983,51.8,196,Foggy,24585.1
188,15-02-2023,Pune,1306,0.3,1514,576,1721,51.2,193,Foggy,18814.6
189,15-02-2023,Nagpur,1357,0.4,1585,731,2170,52.2,202,Rainy,29214.2
190,15-02-2023,Thane,1410,0.5,1659,765,2268,52.4,203,Clear,31774.5
191,16-02-2023,Mumbai,1464,0.2,1736,800,2369,52.6,204,Rainy,34498.5
192,16-02-2023,Pune,1520,0.3,1816,836,2474,52.8,205,Foggy,37388.9
193,16-02-2023,Nagpur,1577,0.4,1898,873,2582,53,206,Clear,40446.5
194,16-02-2023,Thane,1636,0.5,1983,911,2695,53.2,207,Rainy,43672
195,17-02-2023,Mumbai,1696,0.2,2071,950,2812,53.4,208,Foggy,47066.1
196,17-02-2023,Pune,1758,0.3,2162,990,2934,53.6,209,Clear,50629.6
197,17-02-2023,Nagpur,1821,0.4,2256,1031,3063,53.8,210,Rainy,54363
198,17-02-2023,Thane,1885,0.5,2353,1074,3198,54,211,Foggy,58266.9
199,18-02-2023,Mumbai,1950,0.2,2453,1118,3338,54.2,212,Clear,62341.8
200,18-02-2023,Pune,2017,0.3,2557,1163,3487,54.4,213,Rainy,66589.3
201,18-02-2023,Nagpur,2085,0.4,2664,1209,3645,54.6,214,Clear,71010
202,18-02-2023,Thane,2154,0.5,2776,1256,3812,54.8,215,Foggy,75595.5
203,19-02-2023,Mumbai,2224,0.2,2890,1304,3989,55,216,Clear,80342.3
204,19-02-2023,Pune,2295,0.3,3007,1353,4178,55.2,217,Rainy,85246.9
205,19-02-2023,Thane,2439,0.5,3248,1457,4584,55.4,218,Foggy,90454.2
206,20-02-2023,Mumbai,2521,0.2,3376,1514,4817,55.6,219,Clear,95798.4
207,20-02-2023,Pune,2604,0.3,3507,1572,5056,55.8,220,Rainy,101448.2
208,20-02-2023,Nagpur,2688,0.4,3642,1632,5301,56,221,Foggy,107004.2
209,20-02-2023,Thane,2773,0.5,3780,1694,5552,56.2,222,Clear,112566.9
210,21-02-2023,Mumbai,2859,0.2,3923,1757,5810,56.4,223,Rainy,118136.7
211,21-02-2023,Pune,2946,0.3,4070,1822,6075,56.6,224,Foggy,123713.9
212,21-02-2023,Nagpur,3034,0.4,4221,1888,6347,56.8,225,Clear,129299
213,21-02-2023,Thane,3123,0.5,4376,1956,6627,57,226,Rainy,134892.2
214,22-02-2023,Mumbai,3213,0.2,4535,2025,6915,57.2,227,Foggy,140494
215,22-02-2023,Pune,3304,0.3,4699,2096,7212,57.4,228,Clear,146104.7
216,22-02-2023,Nagpur,3396,0.4,4867,2169,7518,57.6,229,Rainy,151724.7
217,22-02-2023,Thane,3489,0.5,5039,2243,7834,57.8,230,Foggy,157354.1
218,23-02-2023,Mumbai,3583,0.2,5216,2318,8160,58,231,Clear,162993.5
219,23-02-2023,Pune,3678,0.3,5398,2395,8498,58.2,232,Rainy,168643
220,23-02-2023,Nagpur,3774,0.4,5584,2474,8848,58.4,233,Foggy,174302.7
221,23-02-2023,Thane,3871,0.5,5774,2554,9209,58.6,234,Clear,179972.6
222,24-02-2023,Mumbai,3969,0.2,5968,2635,9584,58.8,235,Rainy,185652.7
223,24-02-2023,Pune,4068,0.3,6167,2717,9972,59,236,Foggy,191342.9
224,24-02-2023,Nagpur,4168,0.4,6372,2800,10375,59.2,237,Clear,197043.2
225,24-02-2023,Thane,4269,0.5,6581,2884,10791,59.4,238,Rainy,202753.6
226,25-02-2023,Mumbai,4371,0.2,6795,2969,11220,59.6,239,Foggy,208474.1
227,25-02-2023,Thane,4579,0.5,7235,3155,11891,59.8,240,Clear,214204.5
228,26-02-2023,Mumbai,4688,0.2,7461,3242,12570,60,241,Rainy,220000.1
229,26-02-2023,Pune,4798,0.3,7690,3331,13263,60.2,242,Foggy,225805.8
230,26-02-2023,Nagpur,4909,0.4,7921,3423,13971,60.4,243,Clear,231621.7
231,26-02-2023,Thane,5021,0.5,8154,3518,14694,60.6,244,Rainy,237447.9
232,27-02-2023,Mumbai,5134,0.2,8390,3615,15433,60.8,245,Foggy,243284.3
233,27-02-2023,Pune,5248,0.3,8628,3714,16188,61,246,Clear,249130.9
234,27-02-2023,Nagpur,5363,0.4,8868,3815,16959,61.2,247,Rainy,254987.7
235,27-02-2023,Thane,5479,0.5,9111,3918,17748,61.4,248,Foggy,260854.8
236,28-02-2023,Mumbai,5596,0.2,9356,4023,18555,61.6,249,Clear,266732.1
237,28-02-2023,Pune,5714,0.3,9603,4129,19381,61.8,250,Rainy,272619.7
238,28-02-2023,Nagpur,5833,0.4,9853,4238,20227,62,251,Foggy,278517.4
239,28-02-2023,Thane,5953,0.5,10105,4349,21094,62.2,252,Clear,284425.4
240,01-03-2023,Mumbai,6074,0.2,10359,4462,21983,62.4,253,Rainy,290343.6
241,01-03-2023,Pune,6196,0.3,10616,4577,22896,62.6,254,Foggy,296272.1
242,01-03-2023,Nagpur,6319,0.4,10875,4694,23834,62.8,255,Clear,302210.9
243,01-03-2023,Thane,6443,0.5,11136,4813,24799,63,256,Rainy,308159.9
244,02-03-2023,Mumbai,6568,0.2,11400,4934,25791,63.2,257,Foggy,314119.3
245,02-03-2023,Pune,6694,0.3,11666,5057,26813,63.4,258,Clear,320088.9
246,02-03-2023,Nagpur,6821,0.4,11935,5182,27865,63.6,259,Rainy,326068.8
247,02-03-2023,Thane,6949,0.5,12206,5309,28949,63.8,260,Foggy,332058
248,03-03-2023,Mumbai,7078,0.2,12480,5438,30066,64,261,Clear,338056.6
249,03-03-2023,Pune,7208,0.3,12755,5571,31223,64.2,262,Rainy,344065.5
250,03-03-2023,Nagpur,7340,0.4,13033,5706,32413,64.4,263,Foggy,350084.5
251,03-03-2023,Thane,7473,0.5,13314,5843,33638,64.6,264,Clear,356113.9
252,04-03-2023,Mumbai,7607,0.2,13698,5982,34900,64.8,265,Rainy,362153.6
253,04-03-2023,Pune,7742,0.3,13984,6123,36199,65,266,Foggy,368203.6
254,04-03-2023,Nagpur,7878,0.4,14273,6266,37538,65.2,267,Clear,374263.9
255,04-03-2023,Thane,8015,0.5,14565,6411,38918,65.4,268,Rainy,380334.5
256,05-03-2023,Mumbai,8153,0.2,14860,6558,40343,65.6,269,Foggy,386415.5
257,05-03-2023,Pune,8292,0.3,15158,6707,41814,65.8,270,Clear,392506.8
258,05-03-2023,Nagpur,8432,0.4,15459,6858,43332,66,271,Rainy,398608.4
259,05-03-2023,Thane,8573,0.5,15763,7011,44899,66.2,272,Foggy,404720.3
260,06-03-2023,Mumbai,8715,0.2,16071,7166,46518,66.4,273,Clear,410842.6
261,06-03-2023,Pune,8858,0.3,16382,7323,48190,66.6,274,Rainy,416975.2
262,06-03-2023,Nagpur,9002,0.4,16696,7482,49918,66.8,275,Foggy,423118.1
263,06-03-2023,Thane,9147,0.5,17014,7643,51705,67,276,Clear,429271.4
264,07-03-2023,Mumbai,9293,0.2,17335,7806,53553,67.2,277,Rainy,435435.1
265,07-03-2023,Pune,9440,0.3,17659,7971,55467,67.4,278,Foggy,441609.1
266,07-03-2023,Nagpur,9588,0.4,17987,8138,57450,67.6,279,Clear,447793.4
267,07-03-2023,Thane,9737,0.5,18318,8307,59508,67.8,280,Rainy,453988.1
268,08-03-2023,Mumbai,9887,0.2,18652,8478,61647,68,281,Foggy,460193.2
269,08-03-2023,Pune,10038,0.3,18989,8651,63873,68.2,282,Clear,466408.6
270,08-03-2023,Nagpur,10190,0.4,19329,8826,66291,68.4,283,Rainy,472634.4
271,08-03-2023,Thane,10343,0.5,19672,9003,68793,68.6,284,Foggy,478870.6
272,09-03-2023,Mumbai,10497,0.2,20016,9178,71349,68.8,285,Clear,485117.7
273,09-03-2023,Pune,10652,0.3,20363,9355,74084,69,286,Rainy,491375.1
274,09-03-2023,Nagpur,10808,0.4,20715,9534,77012,69.2,287,Foggy,497642.8
275,09-03-2023,Thane,10965,0.5,21070,9715,80148,69.4,288,Clear,503920.9
276,10-03-2023,Mumbai,11123,0.2,21429,9900,83509,69.6,289,Rainy,510209.3
277,10-03-2023,Pune,11282,0.3,21793,10087,87113,69.8,290,Foggy,516508
278,10-03-2023,Nagpur,11442,0.4,22162,10276,90978,70,291,Clear,522817.1
279,10-03-2023,Thane,11603,0.5,22535,10467,95123,70.2,292,Rainy,529136.5
280,11-03-2023,Mumbai,11765,0.2,22911,10660,99466,70.4,293,Foggy,535466.3
281,11-03-2023,Pune,11928,0.3,23292,10856,104120,70.6,294,Clear,541806.4
282,11-03-2023,Nagpur,12092,0.4,23676,11053,108811,70.8,295,Rainy,548156.8
283,11-03-2023,Thane,12257,0.5,24063,11253,113653,71,296,Foggy,554517.6
284,12-03-2023,Mumbai,12423,0.2,24456,11455,118662,71.2,297,Clear,560888.7
285,12-03-2023,Pune,12590,0.3,24852,11660,123855,71.4,298,Rainy,567270.2
286,12-03-2023,Nagpur,12758,0.4,25253,11867,129250,71.6,299,Foggy,573662
287,12-03-2023,Thane,12927,0.5,25657,12076,134869,71.8,300,Clear,580064.1
288,13-03-2023,Mumbai,13097,0.2,26066,12287,140735,72,301,Rainy,586476.6
289,13-03-2023,Pune,13268,0.3,26479,12401,146871,72.2,302,Foggy,592899.4
290,13-03-2023,Nagpur,13440,0.4,26896,12518,153303,72.4,303,Clear,599332.6
291,13-03-2023,Thane,13613,0.5,27317,12637,160053,72.6,304,Rainy,605776.2
292,14-03-2023,Mumbai,13787,0.2,27732,12759,167143,72.8,305,Foggy,612230.1
293,14-03-2023,Pune,13962,0.3,28151,12883,174587,73,306,Clear,618695.4
294,14-03-2023,Nagpur,14138,0.4,28574,13009,182766,73.2,307,Rainy,625162.5
295,14-03-2023,Thane,14315,0.5,29001,13137,191215,73.4,308,Foggy,631640.9
296,15-03-2023,Mumbai,14493,0.2,29432,13268,199958,73.6,309,Clear,638130.6
297,15-03-2023,Pune,14672,0.3,29867,13402,209019,73.8,310,Rainy,644631.6
298,15-03-2023,Nagpur,14852,0.4,30306,13539,218422,74,311,Foggy,651144
299,15-03-2023,Thane,15033,0.5,30749,13679,228192,74.2,312,Clear,657667.7
300,16-03-2023,Mumbai,15215,0.2,31196,13821,238354,74.4,313,Rainy,664202.8
301,16-03-2023,Pune,15398,0.3,31647,13967,248935,74.6,314,Foggy,670749.3
302,16-03-2023,Nagpur,15582,0.4,32102,14116,260046,74.8,315,Clear,677307.2
303,16-03-2023,Thane,15767,0.5,32561,14268,271709,75,316,Rainy,683876.5
304,17-03-2023,Mumbai,15953,0.2,33024,14423,283942,75.2,317,Foggy,690457.2
305,17-03-2023,Pune,16140,0.3,33491,14581,296768,75.4,318,Clear,697049.3
306,17-03-2023,Nagpur,16328,0.4,33962,14742,310209,75.6,319,Rainy,703652.8
307,17-03-2023,Thane,16517,0.5,34437,14906,324288,75.8,320,Foggy,710267.7
308,18-03-2023,Mumbai,16707,0.2,34916,15073,339028,76,321,Clear,716894
309,18-03-2023,Pune,16898,0.3,35400,15244,354453,76.2,322,Rainy,723531.7
310,18-03-2023,Nagpur,17090,0.4,35887,15418,370586,76.4,323,Foggy,730180.8
311,18-03-2023,Thane,17283,0.5,36379,15596,387453,76.6,324,Clear,736841.3
312,19-03-2023,Mumbai,17477,0.2,36875,15777,405082,76.8,325,Rainy,743513.2
313,19-03-2023,Pune,17672,0.3,37376,15961,423501,77,326,Foggy,750196.5
314,19-03-2023,Nagpur,17868,0.4,37881,16148,442741,77.2,327,Clear,756891.2
315,19-03-2023,Thane,18065,0.5,38391,16336,463950,77.4,328,Rainy,763597.3
316,20-03-2023,Mumbai,18263,0.2,38905,16525,485160,77.6,329,Foggy,770255.2
317,20-03-2023,Pune,18462,0.3,39423,16718,507071,77.8,330,Clear,776924.5
318,20-03-2023,Nagpur,18662,0.4,39944,16915,529723,78,331,Rainy,783605.2
319,20-03-2023,Thane,18863,0.5,40470,17115,553157,78.2,332,Foggy,790297.3
320,21-03-2023,Mumbai,19065,0.2,41000,17319,577414,78.4,333,Clear,797000.8
321,21-03-2023,Pune,19268,0.3,41535,17527,602534,78.6,334,Rainy,803715.7
322,21-03-2023,Nagpur,19472,0.4,42075,17739,628558,78.8,335,Foggy,810442
323,21-03-2023,Thane,19677,0.5,42620,17955,655528,79,336,Clear,817179.7
324,22-03-2023,Mumbai,19883,0.2,43170,18175,683484,79.2,337,Rainy,823928.8
325,22-03-2023,Pune,20090,0.3,43725,18398,712457,79.4,338,Foggy,830689.3
326,22-03-2023,Nagpur,20298,0.4,44285,18625,742483,79.6,339,Clear,837461.2
327,22-03-2023,Thane,20507,0.5,44849,18856,773587,79.8,340,Rainy,844244.5
328,23-03-2023,Mumbai,20717,0.2,45428,19091,805794,80,341,Foggy,851039.2
329,23-03-2023,Pune,20928,0.3,46012,19330,839128,80.2,342,Clear,857845.3
330,23-03-2023,Nagpur,21140,0.4,46602,19573,873615,80.4,343,Rainy,864662.8
331,23-03-2023,Thane,21353,0.5,47197,19820,909281,80.6,344,Foggy,871491.7
332,24-03-2023,Mumbai,21567,0.2,47797,20071,946152,80.8,345,Clear,878331.2
333,24-03-2023,Pune,21782,0.3,48403,20326,984257,81,346,Rainy,885182.1
334,24-03-2023,Nagpur,21998,0.4,49045,20586,1023623,81.2,347,Foggy,892044.4
335,24-03-2023,Thane,22215,0.5,49693,20849,1064259,81.4,348,Clear,898918.3
336,25-03-2023,Mumbai,22433,0.2,50356,21117,1106643,81.6,349,Rainy,905803.6
337,25-03-2023,Pune,22652,0.3,51030,21389,1150983,81.8,350,Foggy,912700.9
338,25-03-2023,Nagpur,22872,0.4,51712,21665,1198294,82,351,Clear,919620.4
339,25-03-2023,Thane,23093,0.5,52411,21945,1248423,82.2,352,Rainy,926551.3
340,26-03-2023,Mumbai,23315,0.2,53127,22229,1301437,82.4,353,Foggy,933493.6
341,26-03-2023,Pune,23538,0.3,53859,22517,1357400,82.6,354,Clear,940447.3
342,26-03-2023,Nagpur,23762,0.4,54607,22809,1416386,82.8,355,Rainy,947412.4
343,26-03-2023,Thane,23987,0.5,55372,23105,1478469,83,356,Foggy,954389.9
344,27-03-2023,Mumbai,24213,0.2,56156,23405,1543743,83.2,357,Clear,961379.8
345,27-03-2023,Pune,24440,0.3,56956,23709,1612300,83.4,358,Rainy,968382.1
346,27-03-2023,Nagpur,24668,0.4,57773,24017,1684223,83.6,359,Foggy,975396.8
347,27-03-2023,Thane,24897,0.5,58608,24329,1759606,83.8,360,Clear,982423.9
348,28-03-2023,Mumbai,25127,0.2,59461,24645,1838543,84,361,Rainy,989463.4
349,28-03-2023,Pune,25358,0.3,60331,24966,1921130,84.2,362,Foggy,996515.3
350,29-03-2023,Pune,26057,0.3,63037,25952,2191457,84.8,365,Foggy,1023100.4
351,29-03-2023,Nagpur,26292,0.4,63960,26289,2289782,85,366,Clear,1028547.2
352,29-03-2023,Thane,26528,0.5,64800,26631,2393436,85.2,367,Rainy,1033998.4
353,30-03-2023,Mumbai,26765,0.2,65757,26976,2502553,85.4,368,Foggy,1039454
354,30-03-2023,Pune,27003,0.3,66731,27326,2617264,85.6,369,Clear,1044914
355,30-03-2023,Nagpur,27242,0.4,67723,27679,2737707,85.8,370,Rainy,1050378.4
356,30-03-2023,Thane,27482,0.5,68735,28037,2864027,86,371,Foggy,1055847.2
357,31-03-2023,Mumbai,27723,0.2,69768,28400,2996383,86.2,372,Clear,1061320.4
358,31-03-2023,Pune,27965,0.3,70823,28766,3134946,86.4,373,Rainy,1066798
359,31-03-2023,Nagpur,28208,0.4,71899,29137,3279944,86.6,374,Foggy,1072279.2
360,31-03-2023,Thane,28452,0.5,72998,29512,3431634,86.8,375,Clear,1077764.8
361,01-04-2023,Mumbai,28697,0.2,74120,29892,3590266,87,376,Rainy,1083254.8
362,01-04-2023,Pune,28943,0.3,75267,30277,3756097,87.2,377,Foggy,1088749.2
363,01-04-2023,Nagpur,29190,0.4,76441,30666,3929385,87.4,378,Clear,1094248
364,01-04-2023,Thane,29438,0.5,77644,31061,4110400,87.6,379,Rainy,1099751.2
365,02-04-2023,Mumbai,29687,0.2,78880,31461,4299424,87.8,380,Foggy,1105258.8
366,02-04-2023,Pune,29937,0.3,80151,31866,4496741,88,381,Clear,1110769.8
367,02-04-2023,Nagpur,30188,0.4,81460,32276,4702641,88.2,382,Rainy,1116285.2
368,02-04-2023,Thane,30440,0.5,82790,32691,4917412,88.4,383,Foggy,1121805
369,03-04-2023,Mumbai,30693,0.2,84151,33111,5141336,88.6,384,Clear,1127329.2
370,03-04-2023,Nagpur,31102,0.4,86960,33968,5618584,89,386,Foggy,1132857.6
371,03-04-2023,Thane,31357,0.5,88439,34405,5869237,89.2,387,Clear,1138395.7
372,04-04-2023,Mumbai,31613,0.2,89950,34849,6131619,89.4,388,Rainy,1143938.2
373,04-04-2023,Pune,31870,0.3,91495,35300,6405998,89.6,389,Foggy,1149485.2
374,04-04-2023,Nagpur,32128,0.4,93077,35758,6692643,89.8,390,Clear,1155036.7
375,04-04-2023,Thane,32387,0.5,94699,36222,6991817,90,391,Rainy,1160592.7
376,05-04-2023,Mumbai,32647,0.2,96364,36694,7303787,90.2,392,Foggy,1166153.2
377,05-04-2023,Pune,32908,0.3,98074,37172,7628842,90.4,393,Clear,1171718.2
378,05-04-2023,Nagpur,33170,0.4,99833,37658,7967266,90.6,394,Rainy,1177287.7
379,05-04-2023,Thane,33433,0.5,101644,38151,8319350,90.8,395,Foggy,1182851.7
380,06-04-2023,Mumbai,33697,0.2,103473,38652,8685383,91,396,Clear,1188419.2
381,06-04-2023,Pune,33962,0.3,105339,39161,9065654,91.2,397,Rainy,1193982.2
382,06-04-2023,Nagpur,34228,0.4,107243,39679,9460453,91.4,398,Foggy,1199549.7
383,06-04-2023,Thane,34495,0.5,109184,40205,9870070,91.6,399,Clear,1205121.7
384,07-04-2023,Mumbai,34763,0.2,111164,40741,10295219,91.8,400,Rainy,1210698.2
384,07-04-2023,Pune,35032,0.3,113184,41285,10779462,92,401,Foggy,1216279.2
385,07-04-2023,Nagpur,35301,0.4,115166,41848,11104613,92.2,402,Clear,1221862.7
386,07-04-2023,Thane,35571,0.5,117179,42421,11447478,92.4,403,Rainy,1227449.7
387,08-04-2023,Mumbai,35842,0.2,119225,43004,11808189,92.6,404,Foggy,1233041.2
388,08-04-2023,Pune,36114,0.3,121305,43600,12186981,92.8,405,Clear,1238637.2
389,08-04-2023,Nagpur,36387,0.4,123419,44209,12584189,93,406,Rainy,1244237.7
390,08-04-2023,Thane,36661,0.5,125569,44831,12900048,93.2,407,Foggy,1249872.7
391,09-04-2023,Mumbai,36936,0.2,127755,45466,13234806,93.4,408,Clear,1255521.2
392,09-04-2023,Pune,37212,0.3,129978,46117,13588709,93.6,409,Rainy,1261183.2
393,09-04-2023,Nagpur,37489,0.4,132239,46784,13962102,93.8,410,Foggy,1266859.7
394,09-04-2023,Thane,37767,0.5,134540,47467,14355332,94,411,Clear,1272550.7
395,10-04-2023,Mumbai,38046,0.2,136881,48168,14768747,94.2,412,Rainy,1278255.2
396,10-04-2023,Pune,38326,0.3,139262,48887,15202695,94.4,413,Foggy,1283974.2
397,10-04-2023,Nagpur,38607,0.4,141684,49624,15657526,94.6,414,Clear,1289707.7
398,10-04-2023,Thane,38889,0.5,144147,50380,16133589,94.8,415,Rainy,1295455.7
399,11-04-2023,Mumbai,39172,0.2,146652,51157,16631234,95,416,Foggy,1301218.2
400,11-04-2023,Pune,39456,0.3,149199,51955,17150813,95.2,417,Clear,1306995.2
